{"_id":{"$oid":"62d96e535b18513178b683f5"},"is_deleted":false,"money_recieved":true,"is_completed":true,"date_of_transfer":{"$date":"2022-07-21T15:18:43.548Z"},"user_id":{"$oid":"62d816b45b18513178b683c8"},"recipient_id":{"$oid":"62d42bc9e63818162adda670"},"sent_amount":1000,"recieved_amount":80000,"src_currency":"EUR","dest_currency":"INR","rate":80,"fee":0.03,"comments":"Sab ka Saath Sab ka Vikas ","__v":0,"deposit_code":"ABCDE12345","user_deposit_confirmed":false,"transfer_type":"BT","recipient_name":"Recipient Full Name","recipient_nick_name":"Nickname"}
{"_id":{"$oid":"62d96e665b18513178b683f9"},"is_deleted":true,"money_recieved":false,"is_completed":false,"date_of_transfer":{"$date":"2022-07-21T15:19:02.486Z"},"user_id":{"$oid":"62d816b45b18513178b683c8"},"recipient_id":{"$oid":"62d42bc9e63818162adda670"},"sent_amount":1000,"recieved_amount":80000,"src_currency":"EUR","dest_currency":"INR","rate":80,"fee":0.03,"comments":"Sab ka Saath Sab ka Vikas ","__v":0,"deposit_code":"ABCDE12345","user_deposit_confirmed":false,"transfer_type":"BT","recipient_name":"Recipient Full Name","recipient_nick_name":"Nickname"}
{"_id":{"$oid":"62d972115b18513178b6840f"},"is_deleted":false,"money_recieved":false,"is_completed":false,"date_of_transfer":{"$date":"2022-07-21T15:34:41.397Z"},"user_id":{"$oid":"62d816b45b18513178b683c8"},"recipient_id":{"$oid":"62d971ed5b18513178b6840b"},"sent_amount":1000,"recieved_amount":80000,"src_currency":"EUR","dest_currency":"INR","rate":80,"fee":0.03,"comments":"Sab ka Saath Sab ka Vikas ","__v":0,"deposit_code":"ABCDE12345","user_deposit_confirmed":false,"transfer_type":"BT","recipient_name":"Recipient Full Name","recipient_nick_name":"Nickname"}
{"_id":{"$oid":"62d9721b5b18513178b68411"},"is_deleted":false,"money_recieved":false,"is_completed":false,"date_of_transfer":{"$date":"2022-07-21T15:34:51.741Z"},"user_id":{"$oid":"62d816b45b18513178b683c8"},"recipient_id":{"$oid":"62d971ed5b18513178b6840b"},"sent_amount":2000,"recieved_amount":160000,"src_currency":"EUR","dest_currency":"INR","rate":80,"fee":0.03,"comments":"Sab ka Saath Sab ka Vikas ","__v":0,"deposit_code":"ABCDE12345","user_deposit_confirmed":false,"transfer_type":"BT","recipient_name":"Recipient Full Name","recipient_nick_name":"Nickname"}
{"_id":{"$oid":"62d981da5b18513178b6850e"},"is_deleted":false,"money_recieved":false,"is_completed":false,"date_of_transfer":{"$date":"2022-07-21T16:42:02.218Z"},"user_id":{"$oid":"62d816b45b18513178b683c8"},"recipient_id":{"$oid":"62d971ed5b18513178b6840b"},"sent_amount":2000,"recieved_amount":160000,"src_currency":"EUR","dest_currency":"INR","rate":80,"fee":0.03,"comments":"Sab ka Saath Sab ka Vikas ","__v":0,"deposit_code":"ABCDE12345","user_deposit_confirmed":false,"transfer_type":"BT","recipient_name":"Recipient Full Name","recipient_nick_name":"Nickname"}
{"_id":{"$oid":"62d981da5b18513178b68510"},"is_deleted":false,"money_recieved":false,"is_completed":false,"date_of_transfer":{"$date":"2022-07-21T16:42:02.46Z"},"user_id":{"$oid":"62d816b45b18513178b683c8"},"recipient_id":{"$oid":"62d971ed5b18513178b6840b"},"sent_amount":2000,"recieved_amount":160000,"src_currency":"EUR","dest_currency":"INR","rate":80,"fee":0.03,"comments":"Sab ka Saath Sab ka Vikas ","__v":0,"deposit_code":"ABCDE12345","user_deposit_confirmed":false,"transfer_type":"BT","recipient_name":"Recipient Full Name","recipient_nick_name":"Nickname"}
{"_id":{"$oid":"62d981db5b18513178b68512"},"is_deleted":false,"money_recieved":false,"is_completed":false,"date_of_transfer":{"$date":"2022-07-21T16:42:03.296Z"},"user_id":{"$oid":"62d816b45b18513178b683c8"},"recipient_id":{"$oid":"62d971ed5b18513178b6840b"},"sent_amount":2000,"recieved_amount":160000,"src_currency":"EUR","dest_currency":"INR","rate":80,"fee":0.03,"comments":"Sab ka Saath Sab ka Vikas ","__v":0,"deposit_code":"ABCDE12345","user_deposit_confirmed":false,"transfer_type":"BT","recipient_name":"Recipient Full Name","recipient_nick_name":"Nickname"}
{"_id":{"$oid":"62d981dc5b18513178b68514"},"is_deleted":false,"money_recieved":false,"is_completed":false,"date_of_transfer":{"$date":"2022-07-21T16:42:04.013Z"},"user_id":{"$oid":"62d816b45b18513178b683c8"},"recipient_id":{"$oid":"62d971ed5b18513178b6840b"},"sent_amount":2000,"recieved_amount":160000,"src_currency":"EUR","dest_currency":"INR","rate":80,"fee":0.03,"comments":"Sab ka Saath Sab ka Vikas ","__v":0,"deposit_code":"ABCDE12345","user_deposit_confirmed":false,"transfer_type":"BT","recipient_name":"Recipient Full Name","recipient_nick_name":"Nickname"}
{"_id":{"$oid":"62d981dc5b18513178b68516"},"is_deleted":false,"money_recieved":false,"is_completed":false,"date_of_transfer":{"$date":"2022-07-21T16:42:04.747Z"},"user_id":{"$oid":"62d816b45b18513178b683c8"},"recipient_id":{"$oid":"62d971ed5b18513178b6840b"},"sent_amount":2000,"recieved_amount":160000,"src_currency":"EUR","dest_currency":"INR","rate":80,"fee":0.03,"comments":"Sab ka Saath Sab ka Vikas ","__v":0,"deposit_code":"ABCDE12345","user_deposit_confirmed":false,"transfer_type":"BT","recipient_name":"Recipient Full Name","recipient_nick_name":"Nickname"}
{"_id":{"$oid":"62d981dd5b18513178b68518"},"is_deleted":false,"money_recieved":false,"is_completed":false,"date_of_transfer":{"$date":"2022-07-21T16:42:05.596Z"},"user_id":{"$oid":"62d816b45b18513178b683c8"},"recipient_id":{"$oid":"62d971ed5b18513178b6840b"},"sent_amount":2000,"recieved_amount":160000,"src_currency":"EUR","dest_currency":"INR","rate":80,"fee":0.03,"comments":"Sab ka Saath Sab ka Vikas ","__v":0,"deposit_code":"ABCDE12345","user_deposit_confirmed":false,"transfer_type":"BT","recipient_name":"Recipient Full Name","recipient_nick_name":"Nickname"}
{"_id":{"$oid":"62d981de5b18513178b6851a"},"is_deleted":false,"money_recieved":false,"is_completed":false,"date_of_transfer":{"$date":"2022-07-21T16:42:06.243Z"},"user_id":{"$oid":"62d816b45b18513178b683c8"},"recipient_id":{"$oid":"62d971ed5b18513178b6840b"},"sent_amount":2000,"recieved_amount":160000,"src_currency":"EUR","dest_currency":"INR","rate":80,"fee":0.03,"comments":"Sab ka Saath Sab ka Vikas ","__v":0,"deposit_code":"ABCDE12345","user_deposit_confirmed":false,"transfer_type":"BT","recipient_name":"Recipient Full Name","recipient_nick_name":"Nickname"}
{"_id":{"$oid":"62d981de5b18513178b6851c"},"is_deleted":false,"money_recieved":false,"is_completed":false,"date_of_transfer":{"$date":"2022-07-21T16:42:06.963Z"},"user_id":{"$oid":"62d816b45b18513178b683c8"},"recipient_id":{"$oid":"62d971ed5b18513178b6840b"},"sent_amount":2000,"recieved_amount":160000,"src_currency":"EUR","dest_currency":"INR","rate":80,"fee":0.03,"comments":"Sab ka Saath Sab ka Vikas ","__v":0,"deposit_code":"ABCDE12345","user_deposit_confirmed":false,"transfer_type":"BT","recipient_name":"Recipient Full Name","recipient_nick_name":"Nickname"}
{"_id":{"$oid":"62d981e05b18513178b6851e"},"is_deleted":false,"money_recieved":false,"is_completed":false,"date_of_transfer":{"$date":"2022-07-21T16:42:08.143Z"},"user_id":{"$oid":"62d816b45b18513178b683c8"},"recipient_id":{"$oid":"62d971ed5b18513178b6840b"},"sent_amount":2000,"recieved_amount":160000,"src_currency":"EUR","dest_currency":"INR","rate":80,"fee":0.03,"comments":"Sab ka Saath Sab ka Vikas ","__v":0,"deposit_code":"ABCDE12345","user_deposit_confirmed":false,"transfer_type":"BT","recipient_name":"Recipient Full Name","recipient_nick_name":"Nickname"}
{"_id":{"$oid":"62e122cd5b18513178b68874"},"is_deleted":false,"money_recieved":false,"is_completed":false,"date_of_transfer":{"$date":"2022-07-27T11:34:37.398Z"},"user_id":{"$oid":"62d816b45b18513178b683c8"},"recipient_id":{"$oid":"62da43705b18513178b685cb"},"sent_amount":100,"recieved_amount":0,"src_currency":"EUR","dest_currency":"INR","rate":0,"fee":0,"comments":"This is a test comment","__v":0,"deposit_code":"ABCDE12345","user_deposit_confirmed":false,"transfer_type":"BT","recipient_name":"Recipient Full Name","recipient_nick_name":"Nickname"}
{"_id":{"$oid":"62e123295b18513178b68882"},"is_deleted":false,"money_recieved":false,"is_completed":false,"date_of_transfer":{"$date":"2022-07-27T11:36:09.382Z"},"user_id":{"$oid":"62d816b45b18513178b683c8"},"recipient_id":{"$oid":"62d971ed5b18513178b6840b"},"sent_amount":1000,"recieved_amount":0,"src_currency":"EUR","dest_currency":"INR","rate":0,"fee":0,"comments":"This is test comment","__v":0,"deposit_code":"ABCDE12345","user_deposit_confirmed":false,"transfer_type":"BT","recipient_name":"Recipient Full Name","recipient_nick_name":"Nickname"}
{"_id":{"$oid":"62e21f535b18513178b6889d"},"is_deleted":false,"money_recieved":false,"is_completed":false,"date_of_transfer":{"$date":"2022-07-28T05:32:03.36Z"},"user_id":{"$oid":"62d816b45b18513178b683c8"},"recipient_id":{"$oid":"62d971ed5b18513178b6840b"},"sent_amount":1000,"recieved_amount":0,"src_currency":"EUR","dest_currency":"INR","rate":0,"fee":0,"comments":"This is test","__v":0,"deposit_code":"ABCDE12345","user_deposit_confirmed":false,"transfer_type":"BT","recipient_name":"Recipient Full Name","recipient_nick_name":"Nickname"}
{"_id":{"$oid":"62e21f905b18513178b688a9"},"is_deleted":false,"money_recieved":false,"is_completed":false,"date_of_transfer":{"$date":"2022-07-28T05:33:04.608Z"},"user_id":{"$oid":"62d816b45b18513178b683c8"},"recipient_id":{"$oid":"62da43705b18513178b685cb"},"sent_amount":110,"recieved_amount":0,"src_currency":"EUR","dest_currency":"INR","rate":0,"fee":0,"comments":"This is test","__v":0,"deposit_code":"ABCDE12345","user_deposit_confirmed":false,"transfer_type":"BT","recipient_name":"Recipient Full Name","recipient_nick_name":"Nickname"}
{"_id":{"$oid":"62e21faf5b18513178b688ad"},"is_deleted":false,"money_recieved":false,"is_completed":false,"date_of_transfer":{"$date":"2022-07-28T05:33:35.542Z"},"user_id":{"$oid":"62d816b45b18513178b683c8"},"recipient_id":{"$oid":"62da43705b18513178b685cb"},"sent_amount":110,"recieved_amount":0,"src_currency":"EUR","dest_currency":"INR","rate":0,"fee":0,"comments":"This is test","__v":0,"deposit_code":"ABCDE12345","user_deposit_confirmed":false,"transfer_type":"BT","recipient_name":"Recipient Full Name","recipient_nick_name":"Nickname"}
{"_id":{"$oid":"62e21fd15b18513178b688b3"},"is_deleted":false,"money_recieved":false,"is_completed":false,"date_of_transfer":{"$date":"2022-07-28T05:34:09.369Z"},"user_id":{"$oid":"62d816b45b18513178b683c8"},"recipient_id":{"$oid":"62da43705b18513178b685cb"},"sent_amount":100,"recieved_amount":0,"src_currency":"EUR","dest_currency":"INR","rate":0,"fee":0,"comments":"This is test","__v":0,"deposit_code":"ABCDE12345","user_deposit_confirmed":false,"transfer_type":"BT","recipient_name":"Recipient Full Name","recipient_nick_name":"Nickname"}
{"_id":{"$oid":"62e2200f5b18513178b688b7"},"is_deleted":false,"money_recieved":false,"is_completed":false,"date_of_transfer":{"$date":"2022-07-28T05:35:11.896Z"},"user_id":{"$oid":"62d816b45b18513178b683c8"},"recipient_id":{"$oid":"62da43705b18513178b685cb"},"sent_amount":100,"recieved_amount":8141.200000000001,"src_currency":"EUR","dest_currency":"INR","rate":81.412,"fee":0,"comments":"This is test","__v":0,"deposit_code":"ABCDE12345","user_deposit_confirmed":false,"transfer_type":"BT","recipient_name":"Recipient Full Name","recipient_nick_name":"Nickname"}
{"_id":{"$oid":"62e220235b18513178b688bd"},"is_deleted":false,"money_recieved":false,"is_completed":false,"date_of_transfer":{"$date":"2022-07-28T05:35:31.382Z"},"user_id":{"$oid":"62d816b45b18513178b683c8"},"recipient_id":{"$oid":"62da43705b18513178b685cb"},"sent_amount":1249,"recieved_amount":101664.1036,"src_currency":"EUR","dest_currency":"INR","rate":81.3964,"fee":0,"comments":"Test transaction","__v":0,"deposit_code":"ABCDE12345","user_deposit_confirmed":false,"transfer_type":"BT","recipient_name":"Recipient Full Name","recipient_nick_name":"Nickname"}
{"_id":{"$oid":"62e37fc25b18513178b688ea"},"is_deleted":false,"money_recieved":false,"is_completed":false,"date_of_transfer":{"$date":"2022-07-29T06:35:46.999Z"},"user_id":{"$oid":"62d816b45b18513178b683c8"},"recipient_id":{"$oid":"62d971ed5b18513178b6840b"},"sent_amount":500,"recieved_amount":40683.149999999994,"src_currency":"EUR","dest_currency":"INR","rate":81.3663,"fee":0,"comments":"This is test transaction","__v":0,"deposit_code":"ABCDE12345","user_deposit_confirmed":false,"transfer_type":"BT","recipient_name":"Recipient Full Name","recipient_nick_name":"Nickname"}
{"_id":{"$oid":"62e380005b18513178b688f2"},"is_deleted":false,"money_recieved":false,"is_completed":false,"date_of_transfer":{"$date":"2022-07-29T06:36:48.841Z"},"user_id":{"$oid":"62d816b45b18513178b683c8"},"recipient_id":{"$oid":"62d971ed5b18513178b6840b"},"sent_amount":2000,"recieved_amount":160000,"src_currency":"EUR","dest_currency":"INR","rate":80,"fee":0.03,"comments":"Sab ka Saath Sab ka Vikas ","__v":0,"deposit_code":"ABCDE12345","user_deposit_confirmed":false,"transfer_type":"BT","recipient_name":"Recipient Full Name","recipient_nick_name":"Nickname"}
{"_id":{"$oid":"62e3e4d55b18513178b68901"},"is_deleted":false,"money_recieved":false,"is_completed":false,"date_of_transfer":{"$date":"2022-07-29T13:47:01.799Z"},"user_id":{"$oid":"62d816b45b18513178b683c8"},"recipient_id":{"$oid":"62d971ed5b18513178b6840b"},"sent_amount":100,"recieved_amount":8067.11,"src_currency":"EUR","dest_currency":"INR","rate":80.6711,"fee":0,"comments":"Thanks","__v":0,"deposit_code":"ABCDE12345","user_deposit_confirmed":false,"transfer_type":"BT","recipient_name":"Recipient Full Name","recipient_nick_name":"Nickname"}
{"_id":{"$oid":"62e3f484dc212009b120eb8a"},"transfer_type":"BT","is_deleted":false,"user_deposit_confirmed":true,"money_recieved":true,"is_completed":true,"date_of_transfer":{"$date":"2022-07-29T14:53:56.075Z"},"user_id":{"$oid":"62d43ec91cf7ba2c8ef1a4c7"},"recipient_id":{"$oid":"62d42bc9e63818162adda670"},"sent_amount":1000,"recieved_amount":80000,"src_currency":"EUR","dest_currency":"INR","rate":80,"fee":0.03,"comments":"Sab ka Saath Sab ka Vikas ","__v":0,"deposit_code":"ABCDE12345","recipient_name":"Recipient Full Name","recipient_nick_name":"Nickname"}
{"_id":{"$oid":"62e3f5f9c8d5060b234e71ef"},"transfer_type":"BT","is_deleted":false,"user_deposit_confirmed":false,"money_recieved":false,"is_completed":false,"date_of_transfer":{"$date":"2022-07-29T15:00:09.96Z"},"user_id":{"$oid":"62d43ec91cf7ba2c8ef1a4c7"},"recipient_id":{"$oid":"62d42bc9e63818162adda670"},"sent_amount":1000,"recieved_amount":80000,"src_currency":"EUR","dest_currency":"INR","rate":80,"fee":0.03,"comments":"Sab ka Saath Sab ka Vikas ","deposit_code":"F15C52DB63","__v":0,"recipient_name":"Recipient Full Name","recipient_nick_name":"Nickname"}
{"_id":{"$oid":"62e400bd156cc023924eddbd"},"transfer_type":"BT","is_deleted":false,"user_deposit_confirmed":false,"money_recieved":true,"is_completed":true,"date_of_transfer":{"$date":"2022-07-29T15:46:05.102Z"},"user_id":{"$oid":"62e3f54cdc212009b120eb93"},"recipient_id":{"$oid":"62da44975b18513178b685ed"},"sent_amount":100,"recieved_amount":8089.77,"src_currency":"EUR","dest_currency":"INR","rate":80.8977,"fee":0,"comments":"Thanks Pramod","deposit_code":"E588EC41CE","__v":0,"recipient_name":"Recipient Full Name","recipient_nick_name":"Nickname"}
{"_id":{"$oid":"62e424cb156cc023924edddd"},"transfer_type":"BT","is_deleted":false,"user_deposit_confirmed":false,"money_recieved":false,"is_completed":false,"date_of_transfer":{"$date":"2022-07-29T18:19:55.062Z"},"user_id":{"$oid":"62d43ec91cf7ba2c8ef1a4c7"},"recipient_id":{"$oid":"62da5a4e5b18513178b68620"},"sent_amount":1000,"recieved_amount":80000,"src_currency":"EUR","dest_currency":"INR","rate":80,"fee":0.03,"comments":"Sab ka Saath Sab ka Vikas ","deposit_code":"5F9EA6EF37","__v":0,"recipient_name":"Recipient Full Name","recipient_nick_name":"Nickname"}
{"_id":{"$oid":"62e4266821c3014d4f9281a8"},"transfer_type":"BT","is_deleted":false,"user_deposit_confirmed":false,"money_recieved":false,"is_completed":false,"date_of_transfer":{"$date":"2022-07-29T18:26:48.336Z"},"user_id":{"$oid":"62d43ec91cf7ba2c8ef1a4c7"},"recipient_id":{"$oid":"62da5a4e5b18513178b68620"},"recipient_nick_name":"NA","recipient_name":"NA","sent_amount":1000,"recieved_amount":80000,"src_currency":"EUR","dest_currency":"INR","rate":80,"fee":0.03,"comments":"Sab ka Saath Sab ka Vikas ","deposit_code":"AB12E399D4","__v":0}
{"_id":{"$oid":"62e428bd153d90520050b7d1"},"transfer_type":"BT","is_deleted":false,"user_deposit_confirmed":false,"money_recieved":false,"is_completed":false,"date_of_transfer":{"$date":"2022-07-29T18:36:45.222Z"},"user_id":{"$oid":"62d43ec91cf7ba2c8ef1a4c7"},"recipient_id":{"$oid":"62da5a4e5b18513178b68620"},"recipient_nick_name":"NA","recipient_name":"NA","sent_amount":1000,"recieved_amount":80000,"src_currency":"EUR","dest_currency":"INR","rate":80,"fee":0.03,"comments":"Sab ka Saath Sab ka Vikas ","deposit_code":"AF13D6A6D6","__v":0}
{"_id":{"$oid":"62e429b1cb444c5343c8bc04"},"transfer_type":"BT","is_deleted":false,"user_deposit_confirmed":false,"money_recieved":false,"is_completed":false,"date_of_transfer":{"$date":"2022-07-29T18:40:49.991Z"},"user_id":{"$oid":"62d43ec91cf7ba2c8ef1a4c7"},"recipient_id":{"$oid":"62da5a4e5b18513178b68620"},"recipient_nick_name":"NA","recipient_name":"NA","sent_amount":1000,"recieved_amount":80000,"src_currency":"EUR","dest_currency":"INR","rate":80,"fee":0.03,"comments":"Sab ka Saath Sab ka Vikas ","deposit_code":"2E0AD1A72B","__v":0}
{"_id":{"$oid":"62e42a2100285c5417037318"},"transfer_type":"BT","is_deleted":false,"user_deposit_confirmed":false,"money_recieved":false,"is_completed":false,"date_of_transfer":{"$date":"2022-07-29T18:42:41.054Z"},"user_id":{"$oid":"62d43ec91cf7ba2c8ef1a4c7"},"recipient_id":{"$oid":"62da5a4e5b18513178b68620"},"recipient_nick_name":"NA","recipient_name":"NA","sent_amount":1000,"recieved_amount":80000,"src_currency":"EUR","dest_currency":"INR","rate":80,"fee":0.03,"comments":"Sab ka Saath Sab ka Vikas ","deposit_code":"9067BFC809","__v":0}
{"_id":{"$oid":"62e43b85194f405d0f0f64ee"},"transfer_type":"BT","is_deleted":false,"user_deposit_confirmed":false,"money_recieved":false,"is_completed":false,"date_of_transfer":{"$date":"2022-07-29T19:56:53.942Z"},"user_id":{"$oid":"62e43aea194f405d0f0f64d3"},"recipient_id":{"$oid":"62e43b55194f405d0f0f64e0"},"recipient_nick_name":"nick_name","recipient_name":"Recipient Name","sent_amount":10000,"recieved_amount":810602,"src_currency":"EUR","dest_currency":"INR","rate":81.0602,"fee":0,"comments":"Thank you!","deposit_code":"2935D6C451","__v":0}
{"_id":{"$oid":"62e4e238194f405d0f0f6546"},"transfer_type":"BT","is_deleted":false,"user_deposit_confirmed":false,"money_recieved":false,"is_completed":false,"date_of_transfer":{"$date":"2022-07-30T07:48:08.922Z"},"user_id":{"$oid":"62d43ec91cf7ba2c8ef1a4c7"},"recipient_id":{"$oid":"62da5a4e5b18513178b68620"},"recipient_nick_name":"nick_name","recipient_name":"Recipient Name","sent_amount":1000,"recieved_amount":80000,"src_currency":"EUR","dest_currency":"INR","rate":80,"fee":0.03,"comments":"Sab ka Saath Sab ka Vikas ","deposit_code":"E0DD7E5564","__v":0}
{"_id":{"$oid":"62e5a854194f405d0f0f655e"},"transfer_type":"BT","is_deleted":false,"user_deposit_confirmed":false,"money_recieved":false,"is_completed":false,"date_of_transfer":{"$date":"2022-07-30T21:53:24.834Z"},"user_id":{"$oid":"62d427a25f7d741592b7b7da"},"recipient_id":{"$oid":"62da5a4e5b18513178b68620"},"recipient_nick_name":"nick_name","recipient_name":"Recipient Name","sent_amount":1000,"recieved_amount":80000,"src_currency":"EUR","dest_currency":"INR","rate":80,"fee":0.03,"comments":"Sab ka Saath Sab ka Vikas ","deposit_code":"06890B4159","__v":0}
{"_id":{"$oid":"62e5bfd818f94b734d05ca07"},"transfer_type":"BT","is_deleted":false,"user_deposit_confirmed":false,"money_recieved":false,"is_completed":false,"date_of_transfer":{"$date":"2022-07-30T23:33:44.551Z"},"user_id":{"$oid":"62d43ec91cf7ba2c8ef1a4c7"},"recipient_id":{"$oid":"62e5bfc018f94b734d05c9f8"},"recipient_nick_name":"Santosh","recipient_name":"Santosh Patil","sent_amount":23412,"recieved_amount":1.9000219308E+06,"src_currency":"EUR","dest_currency":"INR","rate":81.1559,"fee":0,"comments":"PM Jan Dhan Yojna","deposit_code":"09F87B368E","__v":0}
{"_id":{"$oid":"62e94ae118f94b734d05cb76"},"transfer_type":"BT","is_deleted":false,"user_deposit_confirmed":false,"money_recieved":false,"is_completed":false,"date_of_transfer":{"$date":"2022-08-02T16:03:45.633Z"},"user_id":{"$oid":"62e3f54cdc212009b120eb93"},"recipient_id":{"$oid":"62e9420618f94b734d05cb1f"},"recipient_nick_name":"Sandy","recipient_name":"Santosh","sent_amount":10,"recieved_amount":800.351,"src_currency":"EUR","dest_currency":"INR","rate":80.0351,"fee":0,"comments":"Thanks","deposit_code":"9B1C903A23","__v":0}
{"_id":{"$oid":"62ed424bc1ed01cfe3322788"},"transfer_type":"BT","is_deleted":false,"user_deposit_confirmed":false,"money_recieved":false,"is_completed":false,"date_of_transfer":{"$date":"2022-08-05T16:16:11.579Z"},"user_id":{"$oid":"62e9268d07e78502479fba5f"},"recipient_id":{"$oid":"62da5a4e5b18513178b68620"},"recipient_nick_name":"Doe","recipient_name":"Jem Doe","sent_amount":1000,"recieved_amount":80000,"src_currency":"EUR","dest_currency":"INR","rate":80,"fee":0.03,"comments":"Sab ka Saath Sab ka Vikas ","deposit_code":"47D55219E0","__v":0}
{"_id":{"$oid":"62ef51b6bc37f894f5fa47dc"},"transfer_type":"BT","is_deleted":false,"user_deposit_confirmed":false,"money_recieved":false,"is_completed":false,"date_of_transfer":{"$date":"2022-08-07T05:46:30.645Z"},"user_id":{"$oid":"62e3f29a5b18513178b68912"},"recipient_id":{"$oid":"62ef5194bc37f894f5fa47d1"},"recipient_nick_name":"Sachin","recipient_name":"Sachin K","sent_amount":50,"recieved_amount":4032.125,"src_currency":"EUR","dest_currency":"INR","rate":80.6425,"fee":0,"comments":"Money send","deposit_code":"E348526EE6","__v":0}
