{"_id":{"$oid":"62d44aa85b18513178b683ac"},"doc_submitted":false,"is_verified":false,"is_activated":false,"username":"test","password":"$2b$10$iiJJjou2zN1OoRjFHW82.OaNXia2rEmjQRfVqGPKn54s57K5t6Ni.","full_name":"test","email":"test","country":"test","__v":0,"user_type":"user","doc_address_filename":"","doc_id_filename":""}
{"_id":{"$oid":"62d7d6725b18513178b683ba"},"doc_submitted":false,"is_verified":false,"is_activated":false,"username":"surajdev@yopmail.com","password":"$2b$10$OhYO/GHEMplrpsoKk/qRpO7IqNOZ0W/Sk61pL1h/cQirHQxdHQy4S","full_name":"Suraj Dev","email":"surajdev@yopmail.com","country":"IN","__v":0,"user_type":"user","doc_address_filename":"","doc_id_filename":""}
{"_id":{"$oid":"62d7d80a5b18513178b683c0"},"doc_submitted":false,"is_verified":false,"is_activated":false,"username":"suraj@yopmail.com","password":"$2b$10$1/cN8WJUTaSKneTx.KauwumHsX9gmAbI7WQhLlpjQHu6d3XG1PEWW","full_name":"Suraj Dev","email":"suraj@yopmail.com","country":"IN","__v":0,"user_type":"user","doc_address_filename":"","doc_id_filename":""}
{"_id":{"$oid":"62d816b45b18513178b683c8"},"doc_submitted":false,"is_verified":false,"is_activated":false,"username":"santosh@gmail.com","password":"$2b$10$frPgmCZT7b2ixnnmrceUbOXiCCD9rbAs7xIsLV6uJNxbh2EKwhhjG","full_name":"Santosh Patil","email":"santosh@gmail.com","country":"INDIA","__v":0,"user_type":"user","doc_address_filename":"","doc_id_filename":""}
{"_id":{"$oid":"62d829c75b18513178b683d1"},"doc_submitted":false,"is_verified":false,"is_activated":false,"username":"suraj@gmail.com","password":"$2b$10$2ubLnoUwAUBMlN8Tj3mtOOZxvAxyFDV5hvnDFDEwfzHKHqK8RWym6","full_name":"Santosh Patil","email":"santosh@gmail.com","country":"INDIA","__v":0,"user_type":"user","doc_address_filename":"","doc_id_filename":""}
{"_id":{"$oid":"62d8e9ab5b18513178b683df"},"doc_submitted":false,"is_verified":false,"is_activated":false,"username":"surajdev1@gmail.com","password":"$2b$10$XxgHjWRmUZutMl/SjYBQyOge2IaK2Li65YlVR8rTl9i8K3ik3Cw/a","full_name":"Suraj Dev","email":"surajdev1@gmail.com","country":"IN","__v":0,"user_type":"user","doc_address_filename":"","doc_id_filename":""}
{"_id":{"$oid":"62ddb5f15b18513178b68779"},"doc_submitted":false,"is_verified":false,"is_activated":false,"username":"test1234","password":"$2b$10$3H/GMVgQm24LO8NEDjqoEe14c71K/RCD0qzHY0g53wkgWjdG6RRpW","full_name":"test1234","email":"test1234","country":"IN","__v":0,"user_type":"user","doc_address_filename":"","doc_id_filename":""}
{"_id":{"$oid":"62ddbdc05b18513178b68785"},"doc_submitted":false,"is_verified":false,"is_activated":false,"username":"test@gmail.com","password":"$2b$10$PvXZIdwJfo34FcuoQWjjx.LNSy.ow4AxcQF3KVCUI25EXPcGtt/Q.","full_name":"test","email":"test@gmail.com","country":"IN","__v":0,"user_type":"user","doc_address_filename":"","doc_id_filename":""}
{"_id":{"$oid":"62df2c815b18513178b687da"},"doc_submitted":false,"is_verified":false,"is_activated":false,"username":"test124","password":"$2b$10$KSl7TlgnOFGvF2AYkJydLOowBzUxLwb3nrwMGXz6nONUqZocfbb.q","full_name":"test123","email":"test123","country":"test123","__v":0,"user_type":"user","doc_address_filename":"","doc_id_filename":""}
{"_id":{"$oid":"62df2cba5b18513178b687e0"},"doc_submitted":false,"is_verified":false,"is_activated":false,"username":"milan","password":"$2b$10$48cPpIpB27ycunKGS4rveu7ADODyMy20k1FdIe0anmc4Kgk1Derr2","full_name":"milan","email":"milan@gmail.com","country":"milan","__v":0,"user_type":"user","doc_address_filename":"","doc_id_filename":""}
{"_id":{"$oid":"62e021a75b18513178b687e6"},"doc_submitted":false,"is_verified":false,"is_activated":false,"username":"test123","password":"$2b$10$EWi9.OSYr/IvjNrcUTrTl.hJtvlc0m7woMYF69T90ku0q1ANJjItO","full_name":"test123","email":"test123","country":"test123","__v":0,"user_type":"user","doc_address_filename":"","doc_id_filename":""}
{"_id":{"$oid":"62e3f29a5b18513178b68912"},"doc_submitted":false,"is_verified":false,"is_activated":false,"username":"sachink.infos@gmail.com","password":"$2b$10$.ezUsVrMOpjyge2ZcdAgIO3TyWasUEo1LezsKR12y1iFhFg2dsGIq","full_name":"Sachin N Kamble","email":"sachink.infos@gmail.com","country":"IN","__v":0,"user_type":"user","doc_address_filename":"","doc_id_filename":""}
{"_id":{"$oid":"62e3f54cdc212009b120eb93"},"doc_submitted":false,"is_verified":false,"is_activated":false,"user_type":"user","username":"sam@gmail.com","password":"$2b$10$sVKQWZlYXY1tAIkyN5R.NOo6UUgRLNbB2G.2ZvxuA6rmdPJgv8GGG","full_name":"Santosh","email":"sam@gmail.com","country":"IN","__v":0,"doc_address_filename":"","doc_id_filename":""}
{"_id":{"$oid":"62e582cf194f405d0f0f654c"},"doc_submitted":false,"is_verified":false,"is_activated":false,"user_type":"user","username":"aryanagarwal12345@gmail.com","password":"$2b$10$jNAkKwS3nLgswL3aNArReeKyKz1FW3xNggydqQTPGZuMaQ5FH.W42","full_name":"Aryan Agarwal","email":"aryanagarwal12345@gmail.com","country":"IN","__v":0,"doc_address_filename":"","doc_id_filename":""}
{"_id":{"$oid":"62e6939e18f94b734d05ca18"},"doc_submitted":false,"is_verified":false,"is_activated":false,"user_type":"user","username":"ramlal","password":"$2b$10$Q9AMIu7GH7MT4zV6srMPBusQeadtQ90OhkE5UYos/W1omJl3BaPsK","full_name":"Ram Lal","email":"ramlal@gmail.com","country":"India","__v":0,"doc_address_filename":"","doc_id_filename":""}
{"_id":{"$oid":"62e693ee18f94b734d05ca1e"},"doc_submitted":false,"is_verified":false,"is_activated":false,"user_type":"user","username":"sitaram","password":"$2b$10$9rKbHJkQD8Cvfh/ZK7kftOygRPsqR.9bf4j3Gkkf74TwqWtisaMEe","full_name":"Sita Ram","email":"sitaram@gmail.com","country":"IN","__v":0,"doc_address_filename":"","doc_id_filename":""}
{"_id":{"$oid":"62e6b50818f94b734d05ca25"},"doc_submitted":false,"is_verified":false,"is_activated":false,"user_type":"user","username":"ram01","password":"$2b$10$c7FR3XRP2iy10yce50eQ2.JJyQjhKFXms2Rnn10iPKWOOBYvJ9ROm","full_name":"Ram Ram","email":"ram@gmail.com","country":"India","__v":0,"doc_address_filename":"","doc_id_filename":""}
{"_id":{"$oid":"62e6b71418f94b734d05ca2f"},"doc_submitted":false,"is_verified":false,"is_activated":false,"user_type":"user","username":"ramkumar@gmail.com","password":"$2b$10$T2MVa0vnlktJZniQ8A7VfOOzqWPGN9mf/ARv3tsqsiaFeOS.kG2EK","full_name":"Ram Kumar","email":"ramkumar@gmail.com","country":"IN","__v":0,"doc_address_filename":"","doc_id_filename":""}
{"_id":{"$oid":"62e7b55618f94b734d05ca5c"},"doc_submitted":false,"is_verified":false,"is_activated":false,"user_type":"user","username":"ramlal@gmail.com","password":"$2b$10$WbGIuBdhw3tCncW3mf8FoemyPuJbBQa0rYf8dv1QFZCn4WKRJd5SO","full_name":"Ram Lal","email":"ramlal@gmail.com","country":"IN","__v":0,"doc_address_filename":"","doc_id_filename":""}
{"_id":{"$oid":"62eed837bc37f894f5fa47c3"},"doc_submitted":false,"is_verified":false,"is_activated":false,"user_type":"user","username":"murthy.pramod@gmail.com","password":"$2b$10$xyn5TMG6ySzo6Q6OwgplieXlk.Syy4DaIzrNvK/VYo.HMHh56oj7G","full_name":"Pramod Murthy","email":"murthy.pramod@gmail.com","country":"INDIA","__v":0,"doc_address_filename":"","doc_id_filename":""}
{"_id":{"$oid":"62ef6793bc37f894f5fa47e7"},"doc_submitted":false,"is_verified":false,"is_activated":false,"user_type":"admin","username":"contact@scopex.co.in","password":"$2b$10$SpSD5PwrKdhn4o.p9xeNNuRrNBtNUI4p/CV9eszzOo.3SeMnl8o5u","full_name":"Admin","email":"contact@scopex.co.in","country":"IN","__v":0,"doc_address_filename":"","doc_id_filename":""}
{"_id":{"$oid":"62ef9ba302653ba9b143c02f"},"doc_submitted":false,"is_verified":false,"is_activated":false,"user_type":"user","username":"milan.mangal@gmail.com","password":"$2b$10$.jqw.sxMxaZ/pfHzbErgA.x0gf//inIgMiCIzT/ZnNm9URUGQx5LW","full_name":"Milan Agrawal","email":"milan.mangal@gmail.com","country":"INDIA","__v":0,"doc_address_filename":"","doc_id_filename":""}
{"_id":{"$oid":"62f173f089c183284382d4c1"},"doc_id_filename":"","doc_address_filename":"","doc_submitted":false,"is_verified":false,"is_activated":false,"user_type":"user","username":"murthy.pramod.dev@gmail.com","password":"$2b$10$eND8nyIHZ9msk5VcOX9/9umRDSMRn.v3499zc91Xfe9ox7lbl8SRS","full_name":"Pramod Murthy","email":"murthy.pramod.dev@gmail.com","country":"INDIA","__v":0}
{"_id":{"$oid":"62f38c94b9fa082906d95053"},"doc_id_filename":"","doc_address_filename":"","doc_submitted":false,"is_verified":false,"is_activated":false,"user_type":"user","username":"San@gmail.com","password":"$2b$10$JYvxfVcFCXEqOzYHG4L85eiPlcm6HjEtnFfneshF5siSbRPbcysTu","full_name":"santosh","email":"san@gmail.com","country":"IN","__v":0}
{"_id":{"$oid":"62f38deeb9fa082906d95069"},"doc_id_filename":"","doc_address_filename":"","doc_submitted":false,"is_verified":false,"is_activated":false,"user_type":"user","username":"snp@gmail.com","password":"$2b$10$FrG0zQ3xtfTo7JCbn802m.2DtrhSmv6NzJEaltc2JtbHmuU3o5TuO","full_name":"Santosh Patil","email":"snp@gmail.com","country":"IN","__v":0}
